COUNTRY,COUNTRY_GRP,SEX,YEAR,VALUE
ALB,,ALL,1978,
AND,,ALL,1978,
ARM,,ALL,1978,
AUT,,ALL,1978,
AZE,,ALL,1978,
BLR,,ALL,1978,
BEL,,ALL,1978,
BIH,,ALL,1978,
BGR,,ALL,1978,
HRV,,ALL,1978,
CYP,,ALL,1978,
CZE,,ALL,1978,
DNK,,ALL,1978,
EST,,ALL,1978,
FIN,,ALL,1978,
FRA,,ALL,1978,
GEO,,ALL,1978,
DEU,,ALL,1978,
GRC,,ALL,1978,
HUN,,ALL,1978,
ISL,,ALL,1978,
IRL,,ALL,1978,
ISR,,ALL,1978,
ITA,,ALL,1978,
KAZ,,ALL,1978,
KGZ,,ALL,1978,
LVA,,ALL,1978,
LTU,,ALL,1978,
LUX,,ALL,1978,
MLT,,ALL,1978,
MCO,,ALL,1978,
MNE,,ALL,1978,
NLD,,ALL,1978,
NOR,,ALL,1978,
POL,,ALL,1978,
PRT,,ALL,1978,
MDA,,ALL,1978,
ROU,,ALL,1978,
RUS,,ALL,1978,
SMR,,ALL,1978,
SRB,,ALL,1978,
SVK,,ALL,1978,
SVN,,ALL,1978,
ESP,,ALL,1978,
SWE,,ALL,1978,
CHE,,ALL,1978,
TJK,,ALL,1978,
MKD,,ALL,1978,
TUR,,ALL,1978,
TKM,,ALL,1978,
UKR,,ALL,1978,
GBR,,ALL,1978,
UZB,,ALL,1978,
,WHO_EURO,ALL,1978,
,EU_BEFORE_MAY2004,ALL,1978,
,EU_AFTER_MAY2004,ALL,1978,
,CIS,ALL,1978,
,CARINFONET,ALL,1978,
,SEEHN,ALL,1978,
,NORDIC,ALL,1978,
,SMALL,ALL,1978,
ALB,,ALL,1979,
AND,,ALL,1979,
ARM,,ALL,1979,
AUT,,ALL,1979,
AZE,,ALL,1979,
BLR,,ALL,1979,
BEL,,ALL,1979,
BIH,,ALL,1979,
BGR,,ALL,1979,
HRV,,ALL,1979,
CYP,,ALL,1979,
CZE,,ALL,1979,
DNK,,ALL,1979,
EST,,ALL,1979,
FIN,,ALL,1979,
FRA,,ALL,1979,
GEO,,ALL,1979,
DEU,,ALL,1979,
GRC,,ALL,1979,
HUN,,ALL,1979,
ISL,,ALL,1979,
IRL,,ALL,1979,
ISR,,ALL,1979,
ITA,,ALL,1979,
KAZ,,ALL,1979,
KGZ,,ALL,1979,
LVA,,ALL,1979,
LTU,,ALL,1979,
LUX,,ALL,1979,
MLT,,ALL,1979,
MCO,,ALL,1979,
MNE,,ALL,1979,
NLD,,ALL,1979,
NOR,,ALL,1979,
POL,,ALL,1979,
PRT,,ALL,1979,
MDA,,ALL,1979,
ROU,,ALL,1979,
RUS,,ALL,1979,
SMR,,ALL,1979,
SRB,,ALL,1979,
SVK,,ALL,1979,
SVN,,ALL,1979,
ESP,,ALL,1979,
SWE,,ALL,1979,
CHE,,ALL,1979,
TJK,,ALL,1979,
MKD,,ALL,1979,
TUR,,ALL,1979,
TKM,,ALL,1979,
UKR,,ALL,1979,
GBR,,ALL,1979,
UZB,,ALL,1979,
,WHO_EURO,ALL,1979,
,EU_BEFORE_MAY2004,ALL,1979,
,EU_AFTER_MAY2004,ALL,1979,
,CIS,ALL,1979,
,CARINFONET,ALL,1979,
,SEEHN,ALL,1979,
,NORDIC,ALL,1979,
,SMALL,ALL,1979,
ALB,,ALL,1980,
AND,,ALL,1980,
ARM,,ALL,1980,
AUT,,ALL,1980,7
AZE,,ALL,1980,
BLR,,ALL,1980,40
BEL,,ALL,1980,
BIH,,ALL,1980,
BGR,,ALL,1980,
HRV,,ALL,1980,
CYP,,ALL,1980,
CZE,,ALL,1980,
DNK,,ALL,1980,2
EST,,ALL,1980,
FIN,,ALL,1980,
FRA,,ALL,1980,
GEO,,ALL,1980,
DEU,,ALL,1980,
GRC,,ALL,1980,17
HUN,,ALL,1980,
ISL,,ALL,1980,
IRL,,ALL,1980,
ISR,,ALL,1980,
ITA,,ALL,1980,
KAZ,,ALL,1980,
KGZ,,ALL,1980,39
LVA,,ALL,1980,
LTU,,ALL,1980,
LUX,,ALL,1980,
MLT,,ALL,1980,
MCO,,ALL,1980,
MNE,,ALL,1980,
NLD,,ALL,1980,
NOR,,ALL,1980,
POL,,ALL,1980,
PRT,,ALL,1980,6
MDA,,ALL,1980,
ROU,,ALL,1980,
RUS,,ALL,1980,
SMR,,ALL,1980,
SRB,,ALL,1980,
SVK,,ALL,1980,
SVN,,ALL,1980,
ESP,,ALL,1980,
SWE,,ALL,1980,
CHE,,ALL,1980,
TJK,,ALL,1980,
MKD,,ALL,1980,
TUR,,ALL,1980,
TKM,,ALL,1980,
UKR,,ALL,1980,
GBR,,ALL,1980,
UZB,,ALL,1980,
,WHO_EURO,ALL,1980,
,EU_BEFORE_MAY2004,ALL,1980,
,EU_AFTER_MAY2004,ALL,1980,
,CIS,ALL,1980,
,CARINFONET,ALL,1980,
,SEEHN,ALL,1980,
,NORDIC,ALL,1980,
,SMALL,ALL,1980,
ALB,,ALL,1981,
AND,,ALL,1981,
ARM,,ALL,1981,
AUT,,ALL,1981,7
AZE,,ALL,1981,
BLR,,ALL,1981,41
BEL,,ALL,1981,
BIH,,ALL,1981,
BGR,,ALL,1981,
HRV,,ALL,1981,
CYP,,ALL,1981,
CZE,,ALL,1981,
DNK,,ALL,1981,2
EST,,ALL,1981,
FIN,,ALL,1981,
FRA,,ALL,1981,
GEO,,ALL,1981,
DEU,,ALL,1981,
GRC,,ALL,1981,17
HUN,,ALL,1981,
ISL,,ALL,1981,
IRL,,ALL,1981,
ISR,,ALL,1981,
ITA,,ALL,1981,
KAZ,,ALL,1981,
KGZ,,ALL,1981,
LVA,,ALL,1981,
LTU,,ALL,1981,
LUX,,ALL,1981,
MLT,,ALL,1981,
MCO,,ALL,1981,
MNE,,ALL,1981,12
NLD,,ALL,1981,
NOR,,ALL,1981,
POL,,ALL,1981,
PRT,,ALL,1981,6
MDA,,ALL,1981,
ROU,,ALL,1981,
RUS,,ALL,1981,
SMR,,ALL,1981,
SRB,,ALL,1981,
SVK,,ALL,1981,
SVN,,ALL,1981,
ESP,,ALL,1981,
SWE,,ALL,1981,
CHE,,ALL,1981,
TJK,,ALL,1981,
MKD,,ALL,1981,
TUR,,ALL,1981,
TKM,,ALL,1981,
UKR,,ALL,1981,
GBR,,ALL,1981,
UZB,,ALL,1981,
,WHO_EURO,ALL,1981,
,EU_BEFORE_MAY2004,ALL,1981,
,EU_AFTER_MAY2004,ALL,1981,
,CIS,ALL,1981,
,CARINFONET,ALL,1981,
,SEEHN,ALL,1981,
,NORDIC,ALL,1981,
,SMALL,ALL,1981,
ALB,,ALL,1982,
AND,,ALL,1982,
ARM,,ALL,1982,
AUT,,ALL,1982,7
AZE,,ALL,1982,
BLR,,ALL,1982,42
BEL,,ALL,1982,
BIH,,ALL,1982,
BGR,,ALL,1982,
HRV,,ALL,1982,
CYP,,ALL,1982,
CZE,,ALL,1982,
DNK,,ALL,1982,3
EST,,ALL,1982,
FIN,,ALL,1982,
FRA,,ALL,1982,
GEO,,ALL,1982,
DEU,,ALL,1982,
GRC,,ALL,1982,19
HUN,,ALL,1982,
ISL,,ALL,1982,
IRL,,ALL,1982,
ISR,,ALL,1982,
ITA,,ALL,1982,
KAZ,,ALL,1982,
KGZ,,ALL,1982,43
LVA,,ALL,1982,
LTU,,ALL,1982,
LUX,,ALL,1982,
MLT,,ALL,1982,
MCO,,ALL,1982,
MNE,,ALL,1982,
NLD,,ALL,1982,
NOR,,ALL,1982,
POL,,ALL,1982,
PRT,,ALL,1982,6
MDA,,ALL,1982,
ROU,,ALL,1982,
RUS,,ALL,1982,
SMR,,ALL,1982,
SRB,,ALL,1982,
SVK,,ALL,1982,
SVN,,ALL,1982,
ESP,,ALL,1982,
SWE,,ALL,1982,
CHE,,ALL,1982,
TJK,,ALL,1982,
MKD,,ALL,1982,
TUR,,ALL,1982,
TKM,,ALL,1982,
UKR,,ALL,1982,
GBR,,ALL,1982,
UZB,,ALL,1982,
,WHO_EURO,ALL,1982,
,EU_BEFORE_MAY2004,ALL,1982,
,EU_AFTER_MAY2004,ALL,1982,
,CIS,ALL,1982,
,CARINFONET,ALL,1982,
,SEEHN,ALL,1982,
,NORDIC,ALL,1982,
,SMALL,ALL,1982,
ALB,,ALL,1983,
AND,,ALL,1983,
ARM,,ALL,1983,
AUT,,ALL,1983,7
AZE,,ALL,1983,
BLR,,ALL,1983,43
BEL,,ALL,1983,
BIH,,ALL,1983,
BGR,,ALL,1983,
HRV,,ALL,1983,
CYP,,ALL,1983,
CZE,,ALL,1983,
DNK,,ALL,1983,3
EST,,ALL,1983,
FIN,,ALL,1983,
FRA,,ALL,1983,
GEO,,ALL,1983,
DEU,,ALL,1983,
GRC,,ALL,1983,19
HUN,,ALL,1983,
ISL,,ALL,1983,
IRL,,ALL,1983,
ISR,,ALL,1983,
ITA,,ALL,1983,
KAZ,,ALL,1983,
KGZ,,ALL,1983,45
LVA,,ALL,1983,
LTU,,ALL,1983,
LUX,,ALL,1983,
MLT,,ALL,1983,
MCO,,ALL,1983,
MNE,,ALL,1983,
NLD,,ALL,1983,
NOR,,ALL,1983,
POL,,ALL,1983,
PRT,,ALL,1983,6
MDA,,ALL,1983,
ROU,,ALL,1983,
RUS,,ALL,1983,
SMR,,ALL,1983,
SRB,,ALL,1983,
SVK,,ALL,1983,
SVN,,ALL,1983,
ESP,,ALL,1983,
SWE,,ALL,1983,
CHE,,ALL,1983,
TJK,,ALL,1983,
MKD,,ALL,1983,
TUR,,ALL,1983,
TKM,,ALL,1983,
UKR,,ALL,1983,
GBR,,ALL,1983,
UZB,,ALL,1983,
,WHO_EURO,ALL,1983,
,EU_BEFORE_MAY2004,ALL,1983,
,EU_AFTER_MAY2004,ALL,1983,
,CIS,ALL,1983,
,CARINFONET,ALL,1983,
,SEEHN,ALL,1983,
,NORDIC,ALL,1983,
,SMALL,ALL,1983,
ALB,,ALL,1984,
AND,,ALL,1984,
ARM,,ALL,1984,
AUT,,ALL,1984,7
AZE,,ALL,1984,
BLR,,ALL,1984,43
BEL,,ALL,1984,
BIH,,ALL,1984,
BGR,,ALL,1984,
HRV,,ALL,1984,
CYP,,ALL,1984,
CZE,,ALL,1984,
DNK,,ALL,1984,3
EST,,ALL,1984,
FIN,,ALL,1984,
FRA,,ALL,1984,
GEO,,ALL,1984,
DEU,,ALL,1984,
GRC,,ALL,1984,20
HUN,,ALL,1984,
ISL,,ALL,1984,
IRL,,ALL,1984,
ISR,,ALL,1984,
ITA,,ALL,1984,
KAZ,,ALL,1984,
KGZ,,ALL,1984,47
LVA,,ALL,1984,
LTU,,ALL,1984,
LUX,,ALL,1984,
MLT,,ALL,1984,
MCO,,ALL,1984,
MNE,,ALL,1984,
NLD,,ALL,1984,
NOR,,ALL,1984,
POL,,ALL,1984,
PRT,,ALL,1984,6
MDA,,ALL,1984,
ROU,,ALL,1984,
RUS,,ALL,1984,
SMR,,ALL,1984,
SRB,,ALL,1984,
SVK,,ALL,1984,
SVN,,ALL,1984,
ESP,,ALL,1984,
SWE,,ALL,1984,
CHE,,ALL,1984,
TJK,,ALL,1984,
MKD,,ALL,1984,
TUR,,ALL,1984,
TKM,,ALL,1984,
UKR,,ALL,1984,
GBR,,ALL,1984,
UZB,,ALL,1984,
,WHO_EURO,ALL,1984,
,EU_BEFORE_MAY2004,ALL,1984,
,EU_AFTER_MAY2004,ALL,1984,
,CIS,ALL,1984,
,CARINFONET,ALL,1984,
,SEEHN,ALL,1984,
,NORDIC,ALL,1984,
,SMALL,ALL,1984,
ALB,,ALL,1985,
AND,,ALL,1985,
ARM,,ALL,1985,
AUT,,ALL,1985,8
AZE,,ALL,1985,
BLR,,ALL,1985,44
BEL,,ALL,1985,
BIH,,ALL,1985,
BGR,,ALL,1985,
HRV,,ALL,1985,
CYP,,ALL,1985,17
CZE,,ALL,1985,
DNK,,ALL,1985,3
EST,,ALL,1985,
FIN,,ALL,1985,
FRA,,ALL,1985,
GEO,,ALL,1985,
DEU,,ALL,1985,
GRC,,ALL,1985,21
HUN,,ALL,1985,
ISL,,ALL,1985,
IRL,,ALL,1985,
ISR,,ALL,1985,
ITA,,ALL,1985,
KAZ,,ALL,1985,
KGZ,,ALL,1985,49
LVA,,ALL,1985,49
LTU,,ALL,1985,
LUX,,ALL,1985,
MLT,,ALL,1985,
MCO,,ALL,1985,
MNE,,ALL,1985,
NLD,,ALL,1985,5
NOR,,ALL,1985,
POL,,ALL,1985,
PRT,,ALL,1985,6
MDA,,ALL,1985,
ROU,,ALL,1985,
RUS,,ALL,1985,
SMR,,ALL,1985,
SRB,,ALL,1985,
SVK,,ALL,1985,
SVN,,ALL,1985,
ESP,,ALL,1985,
SWE,,ALL,1985,
CHE,,ALL,1985,
TJK,,ALL,1985,
MKD,,ALL,1985,
TUR,,ALL,1985,
TKM,,ALL,1985,
UKR,,ALL,1985,
GBR,,ALL,1985,
UZB,,ALL,1985,
,WHO_EURO,ALL,1985,
,EU_BEFORE_MAY2004,ALL,1985,
,EU_AFTER_MAY2004,ALL,1985,
,CIS,ALL,1985,
,CARINFONET,ALL,1985,
,SEEHN,ALL,1985,
,NORDIC,ALL,1985,
,SMALL,ALL,1985,
ALB,,ALL,1986,
AND,,ALL,1986,
ARM,,ALL,1986,
AUT,,ALL,1986,8
AZE,,ALL,1986,
BLR,,ALL,1986,46
BEL,,ALL,1986,
BIH,,ALL,1986,
BGR,,ALL,1986,
HRV,,ALL,1986,
CYP,,ALL,1986,18
CZE,,ALL,1986,
DNK,,ALL,1986,3
EST,,ALL,1986,
FIN,,ALL,1986,
FRA,,ALL,1986,
GEO,,ALL,1986,
DEU,,ALL,1986,
GRC,,ALL,1986,21
HUN,,ALL,1986,
ISL,,ALL,1986,
IRL,,ALL,1986,
ISR,,ALL,1986,
ITA,,ALL,1986,
KAZ,,ALL,1986,
KGZ,,ALL,1986,51
LVA,,ALL,1986,
LTU,,ALL,1986,
LUX,,ALL,1986,
MLT,,ALL,1986,
MCO,,ALL,1986,
MNE,,ALL,1986,13
NLD,,ALL,1986,
NOR,,ALL,1986,
POL,,ALL,1986,
PRT,,ALL,1986,7
MDA,,ALL,1986,
ROU,,ALL,1986,
RUS,,ALL,1986,
SMR,,ALL,1986,
SRB,,ALL,1986,
SVK,,ALL,1986,
SVN,,ALL,1986,
ESP,,ALL,1986,
SWE,,ALL,1986,
CHE,,ALL,1986,
TJK,,ALL,1986,
MKD,,ALL,1986,
TUR,,ALL,1986,
TKM,,ALL,1986,
UKR,,ALL,1986,
GBR,,ALL,1986,
UZB,,ALL,1986,
,WHO_EURO,ALL,1986,
,EU_BEFORE_MAY2004,ALL,1986,
,EU_AFTER_MAY2004,ALL,1986,
,CIS,ALL,1986,
,CARINFONET,ALL,1986,
,SEEHN,ALL,1986,
,NORDIC,ALL,1986,
,SMALL,ALL,1986,
ALB,,ALL,1987,
AND,,ALL,1987,
ARM,,ALL,1987,
AUT,,ALL,1987,8
AZE,,ALL,1987,
BLR,,ALL,1987,46
BEL,,ALL,1987,
BIH,,ALL,1987,
BGR,,ALL,1987,
HRV,,ALL,1987,
CYP,,ALL,1987,21
CZE,,ALL,1987,
DNK,,ALL,1987,3
EST,,ALL,1987,
FIN,,ALL,1987,
FRA,,ALL,1987,
GEO,,ALL,1987,
DEU,,ALL,1987,
GRC,,ALL,1987,22
HUN,,ALL,1987,
ISL,,ALL,1987,
IRL,,ALL,1987,
ISR,,ALL,1987,
ITA,,ALL,1987,
KAZ,,ALL,1987,
KGZ,,ALL,1987,55
LVA,,ALL,1987,
LTU,,ALL,1987,
LUX,,ALL,1987,
MLT,,ALL,1987,
MCO,,ALL,1987,
MNE,,ALL,1987,
NLD,,ALL,1987,
NOR,,ALL,1987,
POL,,ALL,1987,
PRT,,ALL,1987,7
MDA,,ALL,1987,
ROU,,ALL,1987,
RUS,,ALL,1987,
SMR,,ALL,1987,
SRB,,ALL,1987,
SVK,,ALL,1987,
SVN,,ALL,1987,
ESP,,ALL,1987,
SWE,,ALL,1987,
CHE,,ALL,1987,
TJK,,ALL,1987,
MKD,,ALL,1987,
TUR,,ALL,1987,
TKM,,ALL,1987,
UKR,,ALL,1987,
GBR,,ALL,1987,
UZB,,ALL,1987,
,WHO_EURO,ALL,1987,
,EU_BEFORE_MAY2004,ALL,1987,
,EU_AFTER_MAY2004,ALL,1987,
,CIS,ALL,1987,
,CARINFONET,ALL,1987,
,SEEHN,ALL,1987,
,NORDIC,ALL,1987,
,SMALL,ALL,1987,
ALB,,ALL,1988,
AND,,ALL,1988,
ARM,,ALL,1988,
AUT,,ALL,1988,8
AZE,,ALL,1988,
BLR,,ALL,1988,47
BEL,,ALL,1988,
BIH,,ALL,1988,
BGR,,ALL,1988,
HRV,,ALL,1988,
CYP,,ALL,1988,23
CZE,,ALL,1988,
DNK,,ALL,1988,3
EST,,ALL,1988,
FIN,,ALL,1988,
FRA,,ALL,1988,
GEO,,ALL,1988,
DEU,,ALL,1988,
GRC,,ALL,1988,21
HUN,,ALL,1988,
ISL,,ALL,1988,
IRL,,ALL,1988,
ISR,,ALL,1988,
ITA,,ALL,1988,
KAZ,,ALL,1988,
KGZ,,ALL,1988,56
LVA,,ALL,1988,
LTU,,ALL,1988,
LUX,,ALL,1988,
MLT,,ALL,1988,
MCO,,ALL,1988,
MNE,,ALL,1988,
NLD,,ALL,1988,
NOR,,ALL,1988,
POL,,ALL,1988,
PRT,,ALL,1988,7
MDA,,ALL,1988,
ROU,,ALL,1988,
RUS,,ALL,1988,
SMR,,ALL,1988,
SRB,,ALL,1988,
SVK,,ALL,1988,
SVN,,ALL,1988,
ESP,,ALL,1988,
SWE,,ALL,1988,
CHE,,ALL,1988,
TJK,,ALL,1988,
MKD,,ALL,1988,
TUR,,ALL,1988,
TKM,,ALL,1988,
UKR,,ALL,1988,
GBR,,ALL,1988,
UZB,,ALL,1988,
,WHO_EURO,ALL,1988,
,EU_BEFORE_MAY2004,ALL,1988,
,EU_AFTER_MAY2004,ALL,1988,
,CIS,ALL,1988,
,CARINFONET,ALL,1988,
,SEEHN,ALL,1988,
,NORDIC,ALL,1988,
,SMALL,ALL,1988,
ALB,,ALL,1989,
AND,,ALL,1989,
ARM,,ALL,1989,
AUT,,ALL,1989,8
AZE,,ALL,1989,
BLR,,ALL,1989,49
BEL,,ALL,1989,
BIH,,ALL,1989,
BGR,,ALL,1989,
HRV,,ALL,1989,
CYP,,ALL,1989,24
CZE,,ALL,1989,
DNK,,ALL,1989,4
EST,,ALL,1989,
FIN,,ALL,1989,
FRA,,ALL,1989,
GEO,,ALL,1989,
DEU,,ALL,1989,
GRC,,ALL,1989,
HUN,,ALL,1989,
ISL,,ALL,1989,
IRL,,ALL,1989,
ISR,,ALL,1989,
ITA,,ALL,1989,
KAZ,,ALL,1989,
KGZ,,ALL,1989,55
LVA,,ALL,1989,
LTU,,ALL,1989,
LUX,,ALL,1989,
MLT,,ALL,1989,
MCO,,ALL,1989,
MNE,,ALL,1989,
NLD,,ALL,1989,
NOR,,ALL,1989,
POL,,ALL,1989,
PRT,,ALL,1989,7
MDA,,ALL,1989,
ROU,,ALL,1989,
RUS,,ALL,1989,
SMR,,ALL,1989,
SRB,,ALL,1989,
SVK,,ALL,1989,
SVN,,ALL,1989,
ESP,,ALL,1989,
SWE,,ALL,1989,
CHE,,ALL,1989,
TJK,,ALL,1989,
MKD,,ALL,1989,
TUR,,ALL,1989,
TKM,,ALL,1989,
UKR,,ALL,1989,
GBR,,ALL,1989,
UZB,,ALL,1989,
,WHO_EURO,ALL,1989,
,EU_BEFORE_MAY2004,ALL,1989,
,EU_AFTER_MAY2004,ALL,1989,
,CIS,ALL,1989,
,CARINFONET,ALL,1989,
,SEEHN,ALL,1989,
,NORDIC,ALL,1989,
,SMALL,ALL,1989,
ALB,,ALL,1990,
AND,,ALL,1990,
ARM,,ALL,1990,
AUT,,ALL,1990,8
AZE,,ALL,1990,61
BLR,,ALL,1990,50
BEL,,ALL,1990,
BIH,,ALL,1990,
BGR,,ALL,1990,
HRV,,ALL,1990,
CYP,,ALL,1990,25
CZE,,ALL,1990,
DNK,,ALL,1990,4
EST,,ALL,1990,
FIN,,ALL,1990,
FRA,,ALL,1990,10
GEO,,ALL,1990,
DEU,,ALL,1990,
GRC,,ALL,1990,22
HUN,,ALL,1990,
ISL,,ALL,1990,
IRL,,ALL,1990,
ISR,,ALL,1990,
ITA,,ALL,1990,
KAZ,,ALL,1990,52
KGZ,,ALL,1990,54
LVA,,ALL,1990,49
LTU,,ALL,1990,
LUX,,ALL,1990,
MLT,,ALL,1990,
MCO,,ALL,1990,
MNE,,ALL,1990,22
NLD,,ALL,1990,7
NOR,,ALL,1990,
POL,,ALL,1990,
PRT,,ALL,1990,7
MDA,,ALL,1990,
ROU,,ALL,1990,
RUS,,ALL,1990,
SMR,,ALL,1990,
SRB,,ALL,1990,
SVK,,ALL,1990,
SVN,,ALL,1990,
ESP,,ALL,1990,
SWE,,ALL,1990,
CHE,,ALL,1990,10
TJK,,ALL,1990,
MKD,,ALL,1990,13
TUR,,ALL,1990,
TKM,,ALL,1990,
UKR,,ALL,1990,
GBR,,ALL,1990,
UZB,,ALL,1990,
,WHO_EURO,ALL,1990,
,EU_BEFORE_MAY2004,ALL,1990,
,EU_AFTER_MAY2004,ALL,1990,
,CIS,ALL,1990,
,CARINFONET,ALL,1990,
,SEEHN,ALL,1990,
,NORDIC,ALL,1990,
,SMALL,ALL,1990,
ALB,,ALL,1991,
AND,,ALL,1991,
ARM,,ALL,1991,
AUT,,ALL,1991,9
AZE,,ALL,1991,60
BLR,,ALL,1991,46
BEL,,ALL,1991,
BIH,,ALL,1991,
BGR,,ALL,1991,
HRV,,ALL,1991,
CYP,,ALL,1991,25
CZE,,ALL,1991,
DNK,,ALL,1991,4
EST,,ALL,1991,
FIN,,ALL,1991,
FRA,,ALL,1991,10
GEO,,ALL,1991,
DEU,,ALL,1991,11
GRC,,ALL,1991,22
HUN,,ALL,1991,
ISL,,ALL,1991,
IRL,,ALL,1991,
ISR,,ALL,1991,
ITA,,ALL,1991,
KAZ,,ALL,1991,52
KGZ,,ALL,1991,57
LVA,,ALL,1991,
LTU,,ALL,1991,
LUX,,ALL,1991,
MLT,,ALL,1991,
MCO,,ALL,1991,
MNE,,ALL,1991,26
NLD,,ALL,1991,6
NOR,,ALL,1991,
POL,,ALL,1991,
PRT,,ALL,1991,8
MDA,,ALL,1991,
ROU,,ALL,1991,
RUS,,ALL,1991,
SMR,,ALL,1991,
SRB,,ALL,1991,
SVK,,ALL,1991,
SVN,,ALL,1991,
ESP,,ALL,1991,
SWE,,ALL,1991,
CHE,,ALL,1991,11
TJK,,ALL,1991,
MKD,,ALL,1991,15
TUR,,ALL,1991,
TKM,,ALL,1991,
UKR,,ALL,1991,
GBR,,ALL,1991,
UZB,,ALL,1991,
,WHO_EURO,ALL,1991,
,EU_BEFORE_MAY2004,ALL,1991,
,EU_AFTER_MAY2004,ALL,1991,
,CIS,ALL,1991,
,CARINFONET,ALL,1991,
,SEEHN,ALL,1991,
,NORDIC,ALL,1991,
,SMALL,ALL,1991,
ALB,,ALL,1992,
AND,,ALL,1992,
ARM,,ALL,1992,
AUT,,ALL,1992,9
AZE,,ALL,1992,55
BLR,,ALL,1992,46
BEL,,ALL,1992,
BIH,,ALL,1992,
BGR,,ALL,1992,
HRV,,ALL,1992,
CYP,,ALL,1992,27
CZE,,ALL,1992,
DNK,,ALL,1992,4
EST,,ALL,1992,
FIN,,ALL,1992,
FRA,,ALL,1992,10
GEO,,ALL,1992,
DEU,,ALL,1992,11
GRC,,ALL,1992,23
HUN,,ALL,1992,
ISL,,ALL,1992,
IRL,,ALL,1992,
ISR,,ALL,1992,
ITA,,ALL,1992,
KAZ,,ALL,1992,55
KGZ,,ALL,1992,56
LVA,,ALL,1992,39
LTU,,ALL,1992,47
LUX,,ALL,1992,
MLT,,ALL,1992,
MCO,,ALL,1992,
MNE,,ALL,1992,27
NLD,,ALL,1992,6
NOR,,ALL,1992,
POL,,ALL,1992,
PRT,,ALL,1992,8
MDA,,ALL,1992,
ROU,,ALL,1992,
RUS,,ALL,1992,26
SMR,,ALL,1992,
SRB,,ALL,1992,
SVK,,ALL,1992,
SVN,,ALL,1992,
ESP,,ALL,1992,
SWE,,ALL,1992,
CHE,,ALL,1992,10
TJK,,ALL,1992,50
MKD,,ALL,1992,16
TUR,,ALL,1992,
TKM,,ALL,1992,
UKR,,ALL,1992,
GBR,,ALL,1992,
UZB,,ALL,1992,
,WHO_EURO,ALL,1992,
,EU_BEFORE_MAY2004,ALL,1992,
,EU_AFTER_MAY2004,ALL,1992,
,CIS,ALL,1992,34
,CARINFONET,ALL,1992,50
,SEEHN,ALL,1992,
,NORDIC,ALL,1992,
,SMALL,ALL,1992,
ALB,,ALL,1993,
AND,,ALL,1993,
ARM,,ALL,1993,
AUT,,ALL,1993,9
AZE,,ALL,1993,58
BLR,,ALL,1993,45
BEL,,ALL,1993,
BIH,,ALL,1993,
BGR,,ALL,1993,
HRV,,ALL,1993,
CYP,,ALL,1993,29
CZE,,ALL,1993,
DNK,,ALL,1993,4
EST,,ALL,1993,
FIN,,ALL,1993,
FRA,,ALL,1993,11
GEO,,ALL,1993,
DEU,,ALL,1993,11
GRC,,ALL,1993,23
HUN,,ALL,1993,
ISL,,ALL,1993,
IRL,,ALL,1993,
ISR,,ALL,1993,
ITA,,ALL,1993,
KAZ,,ALL,1993,55
KGZ,,ALL,1993,52
LVA,,ALL,1993,35
LTU,,ALL,1993,47
LUX,,ALL,1993,
MLT,,ALL,1993,
MCO,,ALL,1993,
MNE,,ALL,1993,27
NLD,,ALL,1993,6
NOR,,ALL,1993,8
POL,,ALL,1993,
PRT,,ALL,1993,10
MDA,,ALL,1993,
ROU,,ALL,1993,
RUS,,ALL,1993,26
SMR,,ALL,1993,
SRB,,ALL,1993,
SVK,,ALL,1993,
SVN,,ALL,1993,
ESP,,ALL,1993,
SWE,,ALL,1993,
CHE,,ALL,1993,11
TJK,,ALL,1993,48
MKD,,ALL,1993,16
TUR,,ALL,1993,
TKM,,ALL,1993,
UKR,,ALL,1993,
GBR,,ALL,1993,
UZB,,ALL,1993,
,WHO_EURO,ALL,1993,
,EU_BEFORE_MAY2004,ALL,1993,
,EU_AFTER_MAY2004,ALL,1993,
,CIS,ALL,1993,34
,CARINFONET,ALL,1993,50
,SEEHN,ALL,1993,
,NORDIC,ALL,1993,
,SMALL,ALL,1993,
ALB,,ALL,1994,
AND,,ALL,1994,
ARM,,ALL,1994,
AUT,,ALL,1994,9
AZE,,ALL,1994,56
BLR,,ALL,1994,45
BEL,,ALL,1994,
BIH,,ALL,1994,
BGR,,ALL,1994,
HRV,,ALL,1994,
CYP,,ALL,1994,
CZE,,ALL,1994,
DNK,,ALL,1994,4
EST,,ALL,1994,
FIN,,ALL,1994,
FRA,,ALL,1994,11
GEO,,ALL,1994,
DEU,,ALL,1994,11
GRC,,ALL,1994,23
HUN,,ALL,1994,
ISL,,ALL,1994,
IRL,,ALL,1994,
ISR,,ALL,1994,
ITA,,ALL,1994,
KAZ,,ALL,1994,53
KGZ,,ALL,1994,50
LVA,,ALL,1994,36
LTU,,ALL,1994,47
LUX,,ALL,1994,
MLT,,ALL,1994,
MCO,,ALL,1994,
MNE,,ALL,1994,26
NLD,,ALL,1994,6
NOR,,ALL,1994,
POL,,ALL,1994,
PRT,,ALL,1994,11
MDA,,ALL,1994,
ROU,,ALL,1994,10
RUS,,ALL,1994,26
SMR,,ALL,1994,
SRB,,ALL,1994,
SVK,,ALL,1994,
SVN,,ALL,1994,
ESP,,ALL,1994,
SWE,,ALL,1994,
CHE,,ALL,1994,11
TJK,,ALL,1994,47
MKD,,ALL,1994,17
TUR,,ALL,1994,
TKM,,ALL,1994,
UKR,,ALL,1994,
GBR,,ALL,1994,
UZB,,ALL,1994,
,WHO_EURO,ALL,1994,
,EU_BEFORE_MAY2004,ALL,1994,
,EU_AFTER_MAY2004,ALL,1994,
,CIS,ALL,1994,34
,CARINFONET,ALL,1994,49
,SEEHN,ALL,1994,
,NORDIC,ALL,1994,
,SMALL,ALL,1994,
ALB,,ALL,1995,
AND,,ALL,1995,
ARM,,ALL,1995,
AUT,,ALL,1995,10
AZE,,ALL,1995,57
BLR,,ALL,1995,44
BEL,,ALL,1995,
BIH,,ALL,1995,
BGR,,ALL,1995,
HRV,,ALL,1995,
CYP,,ALL,1995,29
CZE,,ALL,1995,13
DNK,,ALL,1995,4
EST,,ALL,1995,
FIN,,ALL,1995,
FRA,,ALL,1995,11
GEO,,ALL,1995,
DEU,,ALL,1995,11
GRC,,ALL,1995,23
HUN,,ALL,1995,
ISL,,ALL,1995,
IRL,,ALL,1995,
ISR,,ALL,1995,
ITA,,ALL,1995,10
KAZ,,ALL,1995,51
KGZ,,ALL,1995,36
LVA,,ALL,1995,32
LTU,,ALL,1995,47
LUX,,ALL,1995,
MLT,,ALL,1995,
MCO,,ALL,1995,
MNE,,ALL,1995,25
NLD,,ALL,1995,6
NOR,,ALL,1995,
POL,,ALL,1995,
PRT,,ALL,1995,12
MDA,,ALL,1995,
ROU,,ALL,1995,
RUS,,ALL,1995,26
SMR,,ALL,1995,
SRB,,ALL,1995,
SVK,,ALL,1995,
SVN,,ALL,1995,
ESP,,ALL,1995,
SWE,,ALL,1995,10
CHE,,ALL,1995,11
TJK,,ALL,1995,42
MKD,,ALL,1995,16
TUR,,ALL,1995,
TKM,,ALL,1995,
UKR,,ALL,1995,
GBR,,ALL,1995,
UZB,,ALL,1995,
,WHO_EURO,ALL,1995,
,EU_BEFORE_MAY2004,ALL,1995,11
,EU_AFTER_MAY2004,ALL,1995,
,CIS,ALL,1995,33
,CARINFONET,ALL,1995,46
,SEEHN,ALL,1995,
,NORDIC,ALL,1995,
,SMALL,ALL,1995,
ALB,,ALL,1996,
AND,,ALL,1996,
ARM,,ALL,1996,
AUT,,ALL,1996,10
AZE,,ALL,1996,55
BLR,,ALL,1996,45
BEL,,ALL,1996,
BIH,,ALL,1996,
BGR,,ALL,1996,
HRV,,ALL,1996,
CYP,,ALL,1996,
CZE,,ALL,1996,
DNK,,ALL,1996,5
EST,,ALL,1996,
FIN,,ALL,1996,
FRA,,ALL,1996,11
GEO,,ALL,1996,50
DEU,,ALL,1996,11
GRC,,ALL,1996,24
HUN,,ALL,1996,
ISL,,ALL,1996,
IRL,,ALL,1996,
ISR,,ALL,1996,
ITA,,ALL,1996,11
KAZ,,ALL,1996,50
KGZ,,ALL,1996,37
LVA,,ALL,1996,31
LTU,,ALL,1996,46
LUX,,ALL,1996,
MLT,,ALL,1996,
MCO,,ALL,1996,
MNE,,ALL,1996,25
NLD,,ALL,1996,6
NOR,,ALL,1996,
POL,,ALL,1996,
PRT,,ALL,1996,12
MDA,,ALL,1996,
ROU,,ALL,1996,
RUS,,ALL,1996,26
SMR,,ALL,1996,
SRB,,ALL,1996,
SVK,,ALL,1996,
SVN,,ALL,1996,
ESP,,ALL,1996,
SWE,,ALL,1996,9
CHE,,ALL,1996,11
TJK,,ALL,1996,42
MKD,,ALL,1996,16
TUR,,ALL,1996,
TKM,,ALL,1996,
UKR,,ALL,1996,
GBR,,ALL,1996,
UZB,,ALL,1996,
,WHO_EURO,ALL,1996,
,EU_BEFORE_MAY2004,ALL,1996,11
,EU_AFTER_MAY2004,ALL,1996,
,CIS,ALL,1996,33
,CARINFONET,ALL,1996,46
,SEEHN,ALL,1996,
,NORDIC,ALL,1996,
,SMALL,ALL,1996,
ALB,,ALL,1997,
AND,,ALL,1997,
ARM,,ALL,1997,
AUT,,ALL,1997,11
AZE,,ALL,1997,55
BLR,,ALL,1997,44
BEL,,ALL,1997,
BIH,,ALL,1997,
BGR,,ALL,1997,
HRV,,ALL,1997,
CYP,,ALL,1997,
CZE,,ALL,1997,
DNK,,ALL,1997,5
EST,,ALL,1997,
FIN,,ALL,1997,
FRA,,ALL,1997,11
GEO,,ALL,1997,56
DEU,,ALL,1997,11
GRC,,ALL,1997,24
HUN,,ALL,1997,
ISL,,ALL,1997,
IRL,,ALL,1997,
ISR,,ALL,1997,
ITA,,ALL,1997,12
KAZ,,ALL,1997,46
KGZ,,ALL,1997,46
LVA,,ALL,1997,29
LTU,,ALL,1997,46
LUX,,ALL,1997,12
MLT,,ALL,1997,
MCO,,ALL,1997,
MNE,,ALL,1997,26
NLD,,ALL,1997,6
NOR,,ALL,1997,
POL,,ALL,1997,
PRT,,ALL,1997,12
MDA,,ALL,1997,
ROU,,ALL,1997,
RUS,,ALL,1997,26
SMR,,ALL,1997,
SRB,,ALL,1997,
SVK,,ALL,1997,
SVN,,ALL,1997,
ESP,,ALL,1997,
SWE,,ALL,1997,9
CHE,,ALL,1997,12
TJK,,ALL,1997,40
MKD,,ALL,1997,16
TUR,,ALL,1997,
TKM,,ALL,1997,
UKR,,ALL,1997,
GBR,,ALL,1997,
UZB,,ALL,1997,
,WHO_EURO,ALL,1997,
,EU_BEFORE_MAY2004,ALL,1997,11
,EU_AFTER_MAY2004,ALL,1997,
,CIS,ALL,1997,33
,CARINFONET,ALL,1997,45
,SEEHN,ALL,1997,
,NORDIC,ALL,1997,
,SMALL,ALL,1997,
ALB,,ALL,1998,
AND,,ALL,1998,
ARM,,ALL,1998,
AUT,,ALL,1998,11
AZE,,ALL,1998,52
BLR,,ALL,1998,44
BEL,,ALL,1998,
BIH,,ALL,1998,
BGR,,ALL,1998,
HRV,,ALL,1998,
CYP,,ALL,1998,
CZE,,ALL,1998,
DNK,,ALL,1998,5
EST,,ALL,1998,34
FIN,,ALL,1998,
FRA,,ALL,1998,11
GEO,,ALL,1998,58
DEU,,ALL,1998,11
GRC,,ALL,1998,24
HUN,,ALL,1998,
ISL,,ALL,1998,
IRL,,ALL,1998,
ISR,,ALL,1998,
ITA,,ALL,1998,12
KAZ,,ALL,1998,45
KGZ,,ALL,1998,45
LVA,,ALL,1998,26
LTU,,ALL,1998,45
LUX,,ALL,1998,11
MLT,,ALL,1998,
MCO,,ALL,1998,
MNE,,ALL,1998,24
NLD,,ALL,1998,6
NOR,,ALL,1998,8
POL,,ALL,1998,
PRT,,ALL,1998,13
MDA,,ALL,1998,
ROU,,ALL,1998,10
RUS,,ALL,1998,26
SMR,,ALL,1998,
SRB,,ALL,1998,
SVK,,ALL,1998,
SVN,,ALL,1998,
ESP,,ALL,1998,
SWE,,ALL,1998,9
CHE,,ALL,1998,12
TJK,,ALL,1998,39
MKD,,ALL,1998,16
TUR,,ALL,1998,
TKM,,ALL,1998,
UKR,,ALL,1998,
GBR,,ALL,1998,
UZB,,ALL,1998,52
,WHO_EURO,ALL,1998,
,EU_BEFORE_MAY2004,ALL,1998,11
,EU_AFTER_MAY2004,ALL,1998,
,CIS,ALL,1998,33
,CARINFONET,ALL,1998,44
,SEEHN,ALL,1998,
,NORDIC,ALL,1998,8
,SMALL,ALL,1998,
ALB,,ALL,1999,
AND,,ALL,1999,12
ARM,,ALL,1999,
AUT,,ALL,1999,11
AZE,,ALL,1999,52
BLR,,ALL,1999,43
BEL,,ALL,1999,
BIH,,ALL,1999,
BGR,,ALL,1999,
HRV,,ALL,1999,
CYP,,ALL,1999,
CZE,,ALL,1999,
DNK,,ALL,1999,5
EST,,ALL,1999,32
FIN,,ALL,1999,
FRA,,ALL,1999,11
GEO,,ALL,1999,59
DEU,,ALL,1999,11
GRC,,ALL,1999,25
HUN,,ALL,1999,
ISL,,ALL,1999,
IRL,,ALL,1999,
ISR,,ALL,1999,
ITA,,ALL,1999,12
KAZ,,ALL,1999,41
KGZ,,ALL,1999,41
LVA,,ALL,1999,20
LTU,,ALL,1999,43
LUX,,ALL,1999,12
MLT,,ALL,1999,
MCO,,ALL,1999,
MNE,,ALL,1999,24
NLD,,ALL,1999,7
NOR,,ALL,1999,
POL,,ALL,1999,
PRT,,ALL,1999,13
MDA,,ALL,1999,
ROU,,ALL,1999,
RUS,,ALL,1999,26
SMR,,ALL,1999,
SRB,,ALL,1999,
SVK,,ALL,1999,
SVN,,ALL,1999,
ESP,,ALL,1999,
SWE,,ALL,1999,9
CHE,,ALL,1999,12
TJK,,ALL,1999,38
MKD,,ALL,1999,16
TUR,,ALL,1999,
TKM,,ALL,1999,
UKR,,ALL,1999,
GBR,,ALL,1999,
UZB,,ALL,1999,51
,WHO_EURO,ALL,1999,
,EU_BEFORE_MAY2004,ALL,1999,11
,EU_AFTER_MAY2004,ALL,1999,
,CIS,ALL,1999,32
,CARINFONET,ALL,1999,43
,SEEHN,ALL,1999,
,NORDIC,ALL,1999,
,SMALL,ALL,1999,
ALB,,ALL,2000,
AND,,ALL,2000,14
ARM,,ALL,2000,43
AUT,,ALL,2000,11
AZE,,ALL,2000,52
BLR,,ALL,2000,43
BEL,,ALL,2000,11
BIH,,ALL,2000,
BGR,,ALL,2000,
HRV,,ALL,2000,7
CYP,,ALL,2000,33
CZE,,ALL,2000,13
DNK,,ALL,2000,5
EST,,ALL,2000,29
FIN,,ALL,2000,
FRA,,ALL,2000,11
GEO,,ALL,2000,58
DEU,,ALL,2000,11
GRC,,ALL,2000,25
HUN,,ALL,2000,
ISL,,ALL,2000,
IRL,,ALL,2000,
ISR,,ALL,2000,
ITA,,ALL,2000,13
KAZ,,ALL,2000,39
KGZ,,ALL,2000,37
LVA,,ALL,2000,16
LTU,,ALL,2000,42
LUX,,ALL,2000,12
MLT,,ALL,2000,
MCO,,ALL,2000,
MNE,,ALL,2000,26
NLD,,ALL,2000,7
NOR,,ALL,2000,
POL,,ALL,2000,
PRT,,ALL,2000,13
MDA,,ALL,2000,22
ROU,,ALL,2000,
RUS,,ALL,2000,25
SMR,,ALL,2000,
SRB,,ALL,2000,
SVK,,ALL,2000,
SVN,,ALL,2000,
ESP,,ALL,2000,
SWE,,ALL,2000,9
CHE,,ALL,2000,12
TJK,,ALL,2000,36
MKD,,ALL,2000,16
TUR,,ALL,2000,
TKM,,ALL,2000,11
UKR,,ALL,2000,35
GBR,,ALL,2000,10
UZB,,ALL,2000,56
,WHO_EURO,ALL,2000,19
,EU_BEFORE_MAY2004,ALL,2000,11
,EU_AFTER_MAY2004,ALL,2000,
,CIS,ALL,2000,32
,CARINFONET,ALL,2000,44
,SEEHN,ALL,2000,
,NORDIC,ALL,2000,
,SMALL,ALL,2000,21
ALB,,ALL,2001,
AND,,ALL,2001,15
ARM,,ALL,2001,41
AUT,,ALL,2001,12
AZE,,ALL,2001,52
BLR,,ALL,2001,42
BEL,,ALL,2001,11
BIH,,ALL,2001,
BGR,,ALL,2001,
HRV,,ALL,2001,7
CYP,,ALL,2001,
CZE,,ALL,2001,
DNK,,ALL,2001,5
EST,,ALL,2001,26
FIN,,ALL,2001,
FRA,,ALL,2001,11
GEO,,ALL,2001,54
DEU,,ALL,2001,11
GRC,,ALL,2001,27
HUN,,ALL,2001,
ISL,,ALL,2001,
IRL,,ALL,2001,
ISR,,ALL,2001,
ITA,,ALL,2001,13
KAZ,,ALL,2001,39
KGZ,,ALL,2001,33
LVA,,ALL,2001,15
LTU,,ALL,2001,39
LUX,,ALL,2001,13
MLT,,ALL,2001,
MCO,,ALL,2001,
MNE,,ALL,2001,25
NLD,,ALL,2001,7
NOR,,ALL,2001,
POL,,ALL,2001,
PRT,,ALL,2001,13
MDA,,ALL,2001,18
ROU,,ALL,2001,
RUS,,ALL,2001,24
SMR,,ALL,2001,
SRB,,ALL,2001,
SVK,,ALL,2001,
SVN,,ALL,2001,
ESP,,ALL,2001,
SWE,,ALL,2001,9
CHE,,ALL,2001,12
TJK,,ALL,2001,35
MKD,,ALL,2001,17
TUR,,ALL,2001,
TKM,,ALL,2001,9
UKR,,ALL,2001,34
GBR,,ALL,2001,10
UZB,,ALL,2001,49
,WHO_EURO,ALL,2001,19
,EU_BEFORE_MAY2004,ALL,2001,12
,EU_AFTER_MAY2004,ALL,2001,
,CIS,ALL,2001,31
,CARINFONET,ALL,2001,40
,SEEHN,ALL,2001,
,NORDIC,ALL,2001,
,SMALL,ALL,2001,
ALB,,ALL,2002,
AND,,ALL,2002,22
ARM,,ALL,2002,38
AUT,,ALL,2002,12
AZE,,ALL,2002,52
BLR,,ALL,2002,41
BEL,,ALL,2002,11
BIH,,ALL,2002,
BGR,,ALL,2002,19
HRV,,ALL,2002,7
CYP,,ALL,2002,
CZE,,ALL,2002,
DNK,,ALL,2002,6
EST,,ALL,2002,23
FIN,,ALL,2002,
FRA,,ALL,2002,11
GEO,,ALL,2002,53
DEU,,ALL,2002,11
GRC,,ALL,2002,26
HUN,,ALL,2002,
ISL,,ALL,2002,
IRL,,ALL,2002,
ISR,,ALL,2002,
ITA,,ALL,2002,13
KAZ,,ALL,2002,41
KGZ,,ALL,2002,30
LVA,,ALL,2002,15
LTU,,ALL,2002,36
LUX,,ALL,2002,13
MLT,,ALL,2002,
MCO,,ALL,2002,
MNE,,ALL,2002,26
NLD,,ALL,2002,8
NOR,,ALL,2002,10
POL,,ALL,2002,
PRT,,ALL,2002,13
MDA,,ALL,2002,13
ROU,,ALL,2002,10
RUS,,ALL,2002,25
SMR,,ALL,2002,
SRB,,ALL,2002,
SVK,,ALL,2002,
SVN,,ALL,2002,
ESP,,ALL,2002,
SWE,,ALL,2002,9
CHE,,ALL,2002,13
TJK,,ALL,2002,33
MKD,,ALL,2002,17
TUR,,ALL,2002,
TKM,,ALL,2002,9
UKR,,ALL,2002,33
GBR,,ALL,2002,11
UZB,,ALL,2002,47
,WHO_EURO,ALL,2002,19
,EU_BEFORE_MAY2004,ALL,2002,12
,EU_AFTER_MAY2004,ALL,2002,
,CIS,ALL,2002,31
,CARINFONET,ALL,2002,39
,SEEHN,ALL,2002,16
,NORDIC,ALL,2002,9
,SMALL,ALL,2002,
ALB,,ALL,2003,
AND,,ALL,2003,22
ARM,,ALL,2003,36
AUT,,ALL,2003,12
AZE,,ALL,2003,52
BLR,,ALL,2003,39
BEL,,ALL,2003,11
BIH,,ALL,2003,10
BGR,,ALL,2003,18
HRV,,ALL,2003,7
CYP,,ALL,2003,
CZE,,ALL,2003,
DNK,,ALL,2003,6
EST,,ALL,2003,21
FIN,,ALL,2003,
FRA,,ALL,2003,11
GEO,,ALL,2003,52
DEU,,ALL,2003,11
GRC,,ALL,2003,26
HUN,,ALL,2003,
ISL,,ALL,2003,
IRL,,ALL,2003,
ISR,,ALL,2003,
ITA,,ALL,2003,13
KAZ,,ALL,2003,40
KGZ,,ALL,2003,22
LVA,,ALL,2003,14
LTU,,ALL,2003,33
LUX,,ALL,2003,14
MLT,,ALL,2003,
MCO,,ALL,2003,
MNE,,ALL,2003,25
NLD,,ALL,2003,8
NOR,,ALL,2003,11
POL,,ALL,2003,21
PRT,,ALL,2003,13
MDA,,ALL,2003,15
ROU,,ALL,2003,
RUS,,ALL,2003,24
SMR,,ALL,2003,
SRB,,ALL,2003,27
SVK,,ALL,2003,
SVN,,ALL,2003,
ESP,,ALL,2003,
SWE,,ALL,2003,9
CHE,,ALL,2003,14
TJK,,ALL,2003,30
MKD,,ALL,2003,17
TUR,,ALL,2003,
TKM,,ALL,2003,9
UKR,,ALL,2003,32
GBR,,ALL,2003,12
UZB,,ALL,2003,45
,WHO_EURO,ALL,2003,18
,EU_BEFORE_MAY2004,ALL,2003,12
,EU_AFTER_MAY2004,ALL,2003,
,CIS,ALL,2003,30
,CARINFONET,ALL,2003,37
,SEEHN,ALL,2003,16
,NORDIC,ALL,2003,9
,SMALL,ALL,2003,
ALB,,ALL,2004,
AND,,ALL,2004,19
ARM,,ALL,2004,35
AUT,,ALL,2004,13
AZE,,ALL,2004,52
BLR,,ALL,2004,39
BEL,,ALL,2004,11
BIH,,ALL,2004,10
BGR,,ALL,2004,18
HRV,,ALL,2004,7
CYP,,ALL,2004,
CZE,,ALL,2004,
DNK,,ALL,2004,6
EST,,ALL,2004,18
FIN,,ALL,2004,
FRA,,ALL,2004,11
GEO,,ALL,2004,51
DEU,,ALL,2004,11
GRC,,ALL,2004,27
HUN,,ALL,2004,
ISL,,ALL,2004,
IRL,,ALL,2004,
ISR,,ALL,2004,
ITA,,ALL,2004,13
KAZ,,ALL,2004,39
KGZ,,ALL,2004,19
LVA,,ALL,2004,11
LTU,,ALL,2004,30
LUX,,ALL,2004,14
MLT,,ALL,2004,
MCO,,ALL,2004,
MNE,,ALL,2004,24
NLD,,ALL,2004,8
NOR,,ALL,2004,11
POL,,ALL,2004,19
PRT,,ALL,2004,13
MDA,,ALL,2004,14
ROU,,ALL,2004,10
RUS,,ALL,2004,24
SMR,,ALL,2004,
SRB,,ALL,2004,27
SVK,,ALL,2004,
SVN,,ALL,2004,
ESP,,ALL,2004,
SWE,,ALL,2004,10
CHE,,ALL,2004,15
TJK,,ALL,2004,29
MKD,,ALL,2004,17
TUR,,ALL,2004,
TKM,,ALL,2004,8
UKR,,ALL,2004,31
GBR,,ALL,2004,13
UZB,,ALL,2004,45
,WHO_EURO,ALL,2004,18
,EU_BEFORE_MAY2004,ALL,2004,12
,EU_AFTER_MAY2004,ALL,2004,16
,CIS,ALL,2004,29
,CARINFONET,ALL,2004,36
,SEEHN,ALL,2004,16
,NORDIC,ALL,2004,9
,SMALL,ALL,2004,
ALB,,ALL,2005,
AND,,ALL,2005,22
ARM,,ALL,2005,35
AUT,,ALL,2005,13
AZE,,ALL,2005,52
BLR,,ALL,2005,39
BEL,,ALL,2005,11
BIH,,ALL,2005,10
BGR,,ALL,2005,18
HRV,,ALL,2005,7
CYP,,ALL,2005,
CZE,,ALL,2005,12
DNK,,ALL,2005,6
EST,,ALL,2005,16
FIN,,ALL,2005,9
FRA,,ALL,2005,11
GEO,,ALL,2005,48
DEU,,ALL,2005,11
GRC,,ALL,2005,27
HUN,,ALL,2005,
ISL,,ALL,2005,7
IRL,,ALL,2005,4
ISR,,ALL,2005,
ITA,,ALL,2005,13
KAZ,,ALL,2005,39
KGZ,,ALL,2005,15
LVA,,ALL,2005,13
LTU,,ALL,2005,30
LUX,,ALL,2005,13
MLT,,ALL,2005,
MCO,,ALL,2005,
MNE,,ALL,2005,28
NLD,,ALL,2005,8
NOR,,ALL,2005,12
POL,,ALL,2005,17
PRT,,ALL,2005,14
MDA,,ALL,2005,14
ROU,,ALL,2005,9
RUS,,ALL,2005,24
SMR,,ALL,2005,
SRB,,ALL,2005,26
SVK,,ALL,2005,
SVN,,ALL,2005,23
ESP,,ALL,2005,13
SWE,,ALL,2005,10
CHE,,ALL,2005,15
TJK,,ALL,2005,28
MKD,,ALL,2005,17
TUR,,ALL,2005,
TKM,,ALL,2005,8
UKR,,ALL,2005,31
GBR,,ALL,2005,13
UZB,,ALL,2005,46
,WHO_EURO,ALL,2005,18
,EU_BEFORE_MAY2004,ALL,2005,12
,EU_AFTER_MAY2004,ALL,2005,15
,CIS,ALL,2005,29
,CARINFONET,ALL,2005,37
,SEEHN,ALL,2005,16
,NORDIC,ALL,2005,9
,SMALL,ALL,2005,22
ALB,,ALL,2006,
AND,,ALL,2006,23
ARM,,ALL,2006,33
AUT,,ALL,2006,13
AZE,,ALL,2006,51
BLR,,ALL,2006,39
BEL,,ALL,2006,11
BIH,,ALL,2006,10
BGR,,ALL,2006,19
HRV,,ALL,2006,7
CYP,,ALL,2006,
CZE,,ALL,2006,
DNK,,ALL,2006,6
EST,,ALL,2006,15
FIN,,ALL,2006,9
FRA,,ALL,2006,11
GEO,,ALL,2006,47
DEU,,ALL,2006,11
GRC,,ALL,2006,28
HUN,,ALL,2006,
ISL,,ALL,2006,6
IRL,,ALL,2006,4
ISR,,ALL,2006,30
ITA,,ALL,2006,13
KAZ,,ALL,2006,39
KGZ,,ALL,2006,14
LVA,,ALL,2006,13
LTU,,ALL,2006,29
LUX,,ALL,2006,14
MLT,,ALL,2006,
MCO,,ALL,2006,
MNE,,ALL,2006,28
NLD,,ALL,2006,8
NOR,,ALL,2006,13
POL,,ALL,2006,17
PRT,,ALL,2006,14
MDA,,ALL,2006,14
ROU,,ALL,2006,10
RUS,,ALL,2006,24
SMR,,ALL,2006,
SRB,,ALL,2006,26
SVK,,ALL,2006,
SVN,,ALL,2006,24
ESP,,ALL,2006,13
SWE,,ALL,2006,10
CHE,,ALL,2006,16
TJK,,ALL,2006,29
MKD,,ALL,2006,19
TUR,,ALL,2006,8
TKM,,ALL,2006,8
UKR,,ALL,2006,29
GBR,,ALL,2006,13
UZB,,ALL,2006,51
,WHO_EURO,ALL,2006,18
,EU_BEFORE_MAY2004,ALL,2006,12
,EU_AFTER_MAY2004,ALL,2006,15
,CIS,ALL,2006,29
,CARINFONET,ALL,2006,38
,SEEHN,ALL,2006,16
,NORDIC,ALL,2006,10
,SMALL,ALL,2006,22
ALB,,ALL,2007,6
AND,,ALL,2007,22
ARM,,ALL,2007,31
AUT,,ALL,2007,14
AZE,,ALL,2007,51
BLR,,ALL,2007,40
BEL,,ALL,2007,12
BIH,,ALL,2007,10
BGR,,ALL,2007,19
HRV,,ALL,2007,7
CYP,,ALL,2007,
CZE,,ALL,2007,
DNK,,ALL,2007,6
EST,,ALL,2007,14
FIN,,ALL,2007,9
FRA,,ALL,2007,11
GEO,,ALL,2007,44
DEU,,ALL,2007,11
GRC,,ALL,2007,28
HUN,,ALL,2007,
ISL,,ALL,2007,5
IRL,,ALL,2007,4
ISR,,ALL,2007,31
ITA,,ALL,2007,13
KAZ,,ALL,2007,38
KGZ,,ALL,2007,9
LVA,,ALL,2007,13
LTU,,ALL,2007,29
LUX,,ALL,2007,15
MLT,,ALL,2007,
MCO,,ALL,2007,
MNE,,ALL,2007,28
NLD,,ALL,2007,8
NOR,,ALL,2007,12
POL,,ALL,2007,16
PRT,,ALL,2007,14
MDA,,ALL,2007,13
ROU,,ALL,2007,10
RUS,,ALL,2007,21
SMR,,ALL,2007,
SRB,,ALL,2007,26
SVK,,ALL,2007,20
SVN,,ALL,2007,24
ESP,,ALL,2007,14
SWE,,ALL,2007,10
CHE,,ALL,2007,17
TJK,,ALL,2007,27
MKD,,ALL,2007,19
TUR,,ALL,2007,8
TKM,,ALL,2007,8
UKR,,ALL,2007,29
GBR,,ALL,2007,13
UZB,,ALL,2007,51
,WHO_EURO,ALL,2007,17
,EU_BEFORE_MAY2004,ALL,2007,12
,EU_AFTER_MAY2004,ALL,2007,15
,CIS,ALL,2007,27
,CARINFONET,ALL,2007,37
,SEEHN,ALL,2007,17
,NORDIC,ALL,2007,10
,SMALL,ALL,2007,22
ALB,,ALL,2008,
AND,,ALL,2008,
ARM,,ALL,2008,30
AUT,,ALL,2008,14
AZE,,ALL,2008,51
BLR,,ALL,2008,41
BEL,,ALL,2008,12
BIH,,ALL,2008,10
BGR,,ALL,2008,18
HRV,,ALL,2008,8
CYP,,ALL,2008,
CZE,,ALL,2008,12
DNK,,ALL,2008,7
EST,,ALL,2008,14
FIN,,ALL,2008,10
FRA,,ALL,2008,11
GEO,,ALL,2008,42
DEU,,ALL,2008,11
GRC,,ALL,2008,29
HUN,,ALL,2008,
ISL,,ALL,2008,5
IRL,,ALL,2008,5
ISR,,ALL,2008,31
ITA,,ALL,2008,13
KAZ,,ALL,2008,39
KGZ,,ALL,2008,10
LVA,,ALL,2008,14
LTU,,ALL,2008,28
LUX,,ALL,2008,16
MLT,,ALL,2008,12
MCO,,ALL,2008,
MNE,,ALL,2008,28
NLD,,ALL,2008,9
NOR,,ALL,2008,13
POL,,ALL,2008,12
PRT,,ALL,2008,14
MDA,,ALL,2008,13
ROU,,ALL,2008,11
RUS,,ALL,2008,21
SMR,,ALL,2008,
SRB,,ALL,2008,26
SVK,,ALL,2008,
SVN,,ALL,2008,24
ESP,,ALL,2008,14
SWE,,ALL,2008,10
CHE,,ALL,2008,16
TJK,,ALL,2008,25
MKD,,ALL,2008,19
TUR,,ALL,2008,8
TKM,,ALL,2008,7
UKR,,ALL,2008,28
GBR,,ALL,2008,14
UZB,,ALL,2008,38
,WHO_EURO,ALL,2008,17
,EU_BEFORE_MAY2004,ALL,2008,13
,EU_AFTER_MAY2004,ALL,2008,14
,CIS,ALL,2008,26
,CARINFONET,ALL,2008,32
,SEEHN,ALL,2008,17
,NORDIC,ALL,2008,10
,SMALL,ALL,2008,22
ALB,,ALL,2009,5
AND,,ALL,2009,26
ARM,,ALL,2009,27
AUT,,ALL,2009,14
AZE,,ALL,2009,50
BLR,,ALL,2009,41
BEL,,ALL,2009,12
BIH,,ALL,2009,10
BGR,,ALL,2009,18
HRV,,ALL,2009,17
CYP,,ALL,2009,
CZE,,ALL,2009,12
DNK,,ALL,2009,7
EST,,ALL,2009,14
FIN,,ALL,2009,10
FRA,,ALL,2009,11
GEO,,ALL,2009,36
DEU,,ALL,2009,11
GRC,,ALL,2009,29
HUN,,ALL,2009,16
ISL,,ALL,2009,5
IRL,,ALL,2009,5
ISR,,ALL,2009,31
ITA,,ALL,2009,25
KAZ,,ALL,2009,39
KGZ,,ALL,2009,9
LVA,,ALL,2009,13
LTU,,ALL,2009,27
LUX,,ALL,2009,16
MLT,,ALL,2009,13
MCO,,ALL,2009,
MNE,,ALL,2009,28
NLD,,ALL,2009,9
NOR,,ALL,2009,13
POL,,ALL,2009,12
PRT,,ALL,2009,15
MDA,,ALL,2009,13
ROU,,ALL,2009,12
RUS,,ALL,2009,21
SMR,,ALL,2009,
SRB,,ALL,2009,27
SVK,,ALL,2009,
SVN,,ALL,2009,24
ESP,,ALL,2009,14
SWE,,ALL,2009,10
CHE,,ALL,2009,16
TJK,,ALL,2009,22
MKD,,ALL,2009,19
TUR,,ALL,2009,8
TKM,,ALL,2009,7
UKR,,ALL,2009,29
GBR,,ALL,2009,15
UZB,,ALL,2009,36
,WHO_EURO,ALL,2009,18
,EU_BEFORE_MAY2004,ALL,2009,15
,EU_AFTER_MAY2004,ALL,2009,14
,CIS,ALL,2009,26
,CARINFONET,ALL,2009,30
,SEEHN,ALL,2009,17
,NORDIC,ALL,2009,10
,SMALL,ALL,2009,22
ALB,,ALL,2010,
AND,,ALL,2010,
ARM,,ALL,2010,26
AUT,,ALL,2010,15
AZE,,ALL,2010,45
BLR,,ALL,2010,39
BEL,,ALL,2010,12
BIH,,ALL,2010,10
BGR,,ALL,2010,19
HRV,,ALL,2010,17
CYP,,ALL,2010,
CZE,,ALL,2010,12
DNK,,ALL,2010,7
EST,,ALL,2010,13
FIN,,ALL,2010,11
FRA,,ALL,2010,11
GEO,,ALL,2010,35
DEU,,ALL,2010,12
GRC,,ALL,2010,29
HUN,,ALL,2010,27
ISL,,ALL,2010,5
IRL,,ALL,2010,6
ISR,,ALL,2010,31
ITA,,ALL,2010,26
KAZ,,ALL,2010,40
KGZ,,ALL,2010,10
LVA,,ALL,2010,13
LTU,,ALL,2010,27
LUX,,ALL,2010,16
MLT,,ALL,2010,14
MCO,,ALL,2010,
MNE,,ALL,2010,28
NLD,,ALL,2010,9
NOR,,ALL,2010,13
POL,,ALL,2010,12
PRT,,ALL,2010,15
MDA,,ALL,2010,13
ROU,,ALL,2010,11
RUS,,ALL,2010,20
SMR,,ALL,2010,
SRB,,ALL,2010,27
SVK,,ALL,2010,
SVN,,ALL,2010,24
ESP,,ALL,2010,25
SWE,,ALL,2010,10
CHE,,ALL,2010,17
TJK,,ALL,2010,22
MKD,,ALL,2010,19
TUR,,ALL,2010,9
TKM,,ALL,2010,8
UKR,,ALL,2010,29
GBR,,ALL,2010,15
UZB,,ALL,2010,33
,WHO_EURO,ALL,2010,19
,EU_BEFORE_MAY2004,ALL,2010,16
,EU_AFTER_MAY2004,ALL,2010,15
,CIS,ALL,2010,25
,CARINFONET,ALL,2010,30
,SEEHN,ALL,2010,17
,NORDIC,ALL,2010,10
,SMALL,ALL,2010,23
ALB,,ALL,2011,
AND,,ALL,2011,
ARM,,ALL,2011,25
AUT,,ALL,2011,15
AZE,,ALL,2011,44
BLR,,ALL,2011,39
BEL,,ALL,2011,12
BIH,,ALL,2011,10
BGR,,ALL,2011,19
HRV,,ALL,2011,17
CYP,,ALL,2011,
CZE,,ALL,2011,13
DNK,,ALL,2011,7
EST,,ALL,2011,12
FIN,,ALL,2011,10
FRA,,ALL,2011,12
GEO,,ALL,2011,33
DEU,,ALL,2011,12
GRC,,ALL,2011,29
HUN,,ALL,2011,
ISL,,ALL,2011,5
IRL,,ALL,2011,11
ISR,,ALL,2011,31
ITA,,ALL,2011,28
KAZ,,ALL,2011,40
KGZ,,ALL,2011,10
LVA,,ALL,2011,13
LTU,,ALL,2011,28
LUX,,ALL,2011,16
MLT,,ALL,2011,13
MCO,,ALL,2011,29
MNE,,ALL,2011,28
NLD,,ALL,2011,9
NOR,,ALL,2011,14
POL,,ALL,2011,12
PRT,,ALL,2011,16
MDA,,ALL,2011,14
ROU,,ALL,2011,11
RUS,,ALL,2011,21
SMR,,ALL,2011,
SRB,,ALL,2011,28
SVK,,ALL,2011,
SVN,,ALL,2011,24
ESP,,ALL,2011,26
SWE,,ALL,2011,11
CHE,,ALL,2011,18
TJK,,ALL,2011,20
MKD,,ALL,2011,19
TUR,,ALL,2011,9
TKM,,ALL,2011,7
UKR,,ALL,2011,32
GBR,,ALL,2011,15
UZB,,ALL,2011,32
,WHO_EURO,ALL,2011,19
,EU_BEFORE_MAY2004,ALL,2011,17
,EU_AFTER_MAY2004,ALL,2011,15
,CIS,ALL,2011,26
,CARINFONET,ALL,2011,29
,SEEHN,ALL,2011,17
,NORDIC,ALL,2011,10
,SMALL,ALL,2011,22
ALB,,ALL,2012,
AND,,ALL,2012,
ARM,,ALL,2012,26
AUT,,ALL,2012,15
AZE,,ALL,2012,43
BLR,,ALL,2012,40
BEL,,ALL,2012,12
BIH,,ALL,2012,10
BGR,,ALL,2012,20
HRV,,ALL,2012,18
CYP,,ALL,2012,
CZE,,ALL,2012,12
DNK,,ALL,2012,7
EST,,ALL,2012,12
FIN,,ALL,2012,11
FRA,,ALL,2012,12
GEO,,ALL,2012,32
DEU,,ALL,2012,12
GRC,,ALL,2012,30
HUN,,ALL,2012,
ISL,,ALL,2012,4
IRL,,ALL,2012,10
ISR,,ALL,2012,31
ITA,,ALL,2012,29
KAZ,,ALL,2012,40
KGZ,,ALL,2012,10
LVA,,ALL,2012,12
LTU,,ALL,2012,28
LUX,,ALL,2012,16
MLT,,ALL,2012,15
MCO,,ALL,2012,28
MNE,,ALL,2012,27
NLD,,ALL,2012,9
NOR,,ALL,2012,13
POL,,ALL,2012,13
PRT,,ALL,2012,17
MDA,,ALL,2012,13
ROU,,ALL,2012,11
RUS,,ALL,2012,20
SMR,,ALL,2012,
SRB,,ALL,2012,28
SVK,,ALL,2012,
SVN,,ALL,2012,25
ESP,,ALL,2012,26
SWE,,ALL,2012,10
CHE,,ALL,2012,18
TJK,,ALL,2012,22
MKD,,ALL,2012,19
TUR,,ALL,2012,9
TKM,,ALL,2012,8
UKR,,ALL,2012,28
GBR,,ALL,2012,15
UZB,,ALL,2012,30
,WHO_EURO,ALL,2012,19
,EU_BEFORE_MAY2004,ALL,2012,17
,EU_AFTER_MAY2004,ALL,2012,16
,CIS,ALL,2012,25
,CARINFONET,ALL,2012,28
,SEEHN,ALL,2012,17
,NORDIC,ALL,2012,10
,SMALL,ALL,2012,22
ALB,,ALL,2013,5
AND,,ALL,2013,
ARM,,ALL,2013,26
AUT,,ALL,2013,16
AZE,,ALL,2013,42
BLR,,ALL,2013,40
BEL,,ALL,2013,13
BIH,,ALL,2013,10
BGR,,ALL,2013,20
HRV,,ALL,2013,19
CYP,,ALL,2013,
CZE,,ALL,2013,12
DNK,,ALL,2013,
EST,,ALL,2013,13
FIN,,ALL,2013,9
FRA,,ALL,2013,12
GEO,,ALL,2013,32
DEU,,ALL,2013,12
GRC,,ALL,2013,30
HUN,,ALL,2013,
ISL,,ALL,2013,5
IRL,,ALL,2013,10
ISR,,ALL,2013,
ITA,,ALL,2013,29
KAZ,,ALL,2013,38
KGZ,,ALL,2013,10
LVA,,ALL,2013,13
LTU,,ALL,2013,27
LUX,,ALL,2013,15
MLT,,ALL,2013,14
MCO,,ALL,2013,
MNE,,ALL,2013,27
NLD,,ALL,2013,9
NOR,,ALL,2013,14
POL,,ALL,2013,13
PRT,,ALL,2013,18
MDA,,ALL,2013,14
ROU,,ALL,2013,12
RUS,,ALL,2013,21
SMR,,ALL,2013,
SRB,,ALL,2013,
SVK,,ALL,2013,
SVN,,ALL,2013,26
ESP,,ALL,2013,26
SWE,,ALL,2013,
CHE,,ALL,2013,19
TJK,,ALL,2013,22
MKD,,ALL,2013,19
TUR,,ALL,2013,9
TKM,,ALL,2013,7
UKR,,ALL,2013,27
GBR,,ALL,2013,15
UZB,,ALL,2013,26
,WHO_EURO,ALL,2013,19
,EU_BEFORE_MAY2004,ALL,2013,17
,EU_AFTER_MAY2004,ALL,2013,16
,CIS,ALL,2013,24
,CARINFONET,ALL,2013,26
,SEEHN,ALL,2013,18
,NORDIC,ALL,2013,10
,SMALL,ALL,2013,22
ALB,,ALL,2014,
AND,,ALL,2014,
ARM,,ALL,2014,
AUT,,ALL,2014,
AZE,,ALL,2014,
BLR,,ALL,2014,
BEL,,ALL,2014,
BIH,,ALL,2014,
BGR,,ALL,2014,
HRV,,ALL,2014,
CYP,,ALL,2014,
CZE,,ALL,2014,
DNK,,ALL,2014,
EST,,ALL,2014,
FIN,,ALL,2014,
FRA,,ALL,2014,12
GEO,,ALL,2014,
DEU,,ALL,2014,
GRC,,ALL,2014,
HUN,,ALL,2014,
ISL,,ALL,2014,5
IRL,,ALL,2014,9
ISR,,ALL,2014,
ITA,,ALL,2014,
KAZ,,ALL,2014,
KGZ,,ALL,2014,
LVA,,ALL,2014,
LTU,,ALL,2014,
LUX,,ALL,2014,15
MLT,,ALL,2014,16
MCO,,ALL,2014,
MNE,,ALL,2014,
NLD,,ALL,2014,
NOR,,ALL,2014,
POL,,ALL,2014,
PRT,,ALL,2014,
MDA,,ALL,2014,
ROU,,ALL,2014,
RUS,,ALL,2014,
SMR,,ALL,2014,
SRB,,ALL,2014,
SVK,,ALL,2014,
SVN,,ALL,2014,
ESP,,ALL,2014,
SWE,,ALL,2014,
CHE,,ALL,2014,
TJK,,ALL,2014,
MKD,,ALL,2014,
TUR,,ALL,2014,
TKM,,ALL,2014,
UKR,,ALL,2014,
GBR,,ALL,2014,16
UZB,,ALL,2014,
,WHO_EURO,ALL,2014,
,EU_BEFORE_MAY2004,ALL,2014,
,EU_AFTER_MAY2004,ALL,2014,
,CIS,ALL,2014,
,CARINFONET,ALL,2014,
,SEEHN,ALL,2014,
,NORDIC,ALL,2014,
,SMALL,ALL,2014,
ALB,,ALL,2015,
AND,,ALL,2015,
ARM,,ALL,2015,
AUT,,ALL,2015,
AZE,,ALL,2015,
BLR,,ALL,2015,
BEL,,ALL,2015,
BIH,,ALL,2015,
BGR,,ALL,2015,
HRV,,ALL,2015,
CYP,,ALL,2015,
CZE,,ALL,2015,
DNK,,ALL,2015,
EST,,ALL,2015,
FIN,,ALL,2015,
FRA,,ALL,2015,
GEO,,ALL,2015,
DEU,,ALL,2015,
GRC,,ALL,2015,
HUN,,ALL,2015,
ISL,,ALL,2015,
IRL,,ALL,2015,
ISR,,ALL,2015,
ITA,,ALL,2015,
KAZ,,ALL,2015,
KGZ,,ALL,2015,
LVA,,ALL,2015,
LTU,,ALL,2015,
LUX,,ALL,2015,
MLT,,ALL,2015,
MCO,,ALL,2015,
MNE,,ALL,2015,
NLD,,ALL,2015,
NOR,,ALL,2015,
POL,,ALL,2015,
PRT,,ALL,2015,
MDA,,ALL,2015,
ROU,,ALL,2015,
RUS,,ALL,2015,
SMR,,ALL,2015,
SRB,,ALL,2015,
SVK,,ALL,2015,
SVN,,ALL,2015,
ESP,,ALL,2015,
SWE,,ALL,2015,
CHE,,ALL,2015,
TJK,,ALL,2015,
MKD,,ALL,2015,
TUR,,ALL,2015,
TKM,,ALL,2015,
UKR,,ALL,2015,
GBR,,ALL,2015,
UZB,,ALL,2015,
,WHO_EURO,ALL,2015,
,EU_BEFORE_MAY2004,ALL,2015,
,EU_AFTER_MAY2004,ALL,2015,
,CIS,ALL,2015,
,CARINFONET,ALL,2015,
,SEEHN,ALL,2015,
,NORDIC,ALL,2015,
,SMALL,ALL,2015,
,,,,
Last update,2016.06.16 12:18:54 GMT,,,
Description,"Number of general paediatricians, per 100 000 population",,,
Reference link,https://dw.euro.who.int/api/v3/measures/CAH_16?lang=En,,,
,,,,
Copyright,,,,
© WHO Regional Office for Europe 2019. All rights reserved.,http://www.euro.who.int/en/home/copyright-notice,,,
